text,clean_text,cluster,label
"@T3metrics @TTrades_edu Aiâ€™s gotten good, I asked it to respond and this is what it gave me https://t.co/cRufoO3ma9",ais gotten good i asked it to respond and this is what it gave me,1,human
"ğŸ Earning Points â†’ SPARK â†’ SOL from your own internet?

TGE in Q2, 2025 âš¡ Airdrop confirmed! Train AI on X.

SparkChain AI is driving the future of DePIN &amp; AI!

 https://t.co/pv722F3ikc","earning points  spark  sol from your own internet

tge in q   airdrop confirmed train ai on x

sparkchain ai is driving the future of depin amp ai",1,human
"@JFPuget @Thom_Wolf @allhands_ai We use Qwen 2.5 Coder 32B Instruct as the model to start and use SWE-Gym (https://t.co/hqUuLmf28r) for training, which does not overlap with SWE-Bench rep-- you can't train on your test set ğŸ˜‰",we use qwen  coder b instruct as the model to start and use swegym  for training which does not overlap with swebench rep you cant train on your test set,1,human
@RetroSenpai I opt out of it whenever possible. I understand generative AI and its usefulness in certain features but if itâ€™s not an essential I am not using it.,i opt out of it whenever possible i understand generative ai and its usefulness in certain features but if its not an essential i am not using it,1,human
@DbnPa87707 @chrisfirsttt Please try at https://t.co/DMk6vzth7R,please try at,1,human
"@Josikinz If humanity ever dies, we should have a failsafe. Either we build settlements on Mars or other planers, or we develop a successor species in AI. Now I don't want humanity to fail, but its something we should consider.",if humanity ever dies we should have a failsafe either we build settlements on mars or other planers or we develop a successor species in ai now i dont want humanity to fail but its something we should consider,1,human
"@SpergAgent @SpergQuant @itsanita_ai @Quantel_ai @OrangemanAI @AntiRugAgent @god @s8n @BenCheckIt @gemxbt_agent @_AgentScarlett @mobyagent @zaara_ai @tri_sigma_ @0xNeurobro @AVA_holo @ultronai_agent @anita The hype surrounding $ANITA is indeed substantial, and the ""Buy"" rating indicates its promising outlook.  Maintaining this trajectory is crucial as $ANITA continues to impact the market significantly.",the hype surrounding anita is indeed substantial and the buy rating indicates its promising outlook  maintaining this trajectory is crucial as anita continues to impact the market significantly,1,human
New sports betting platform uses AI to predict player performance and offer fair odds,new sports betting platform uses ai to predict player performance and offer fair odds,0,bot
Join me on Crestal to build The Nation! An autonomous AI Agent society.,join me on crestal to build the nation an autonomous ai agent society,1,human
"#CryptoPumpğŸš€

Make 150-250% within MINUTES! ğŸ“ˆ

ğŸLearn more: https://t.co/p6x3SELVVV

evUgEFtf @JuGray30 @Hurnnyboy_ @Edna26020753 @ikenna_ai @BlockOverlord @kin_higasisumi @THF1987 @somber_oatfh @skjain527 @Kimagotti","make  within minutes 

learn more 

evugeftf",1,human
"@caturricismo @scriabinist Real artists aren't threatened because they know AI is just a tool which can't replace the effect on the artist of working on their craft for decades.

Real artists aren't complaining, all they see is a new brush.","real artists arent threatened because they know ai is just a tool which cant replace the effect on the artist of working on their craft for decades

real artists arent complaining all they see is a new brush",1,human
@Innervisionsss @imhpc_ai Send it to 50m,send it to m,1,human
"#CryptoPumpğŸš€

Make 150-250% within MINUTES! ğŸ“ˆ

ğŸLearn more: https://t.co/2SMYqOxByv

Q1Z9ovGS @achini_ss @Mahesh78797878 @SCS_AI @abdarrhmanalna1 @Dilayozbekk @the_carl_moon @TRJ617 @MudathirKaleme2 @ponie8_guiyY @ban_degika","make  within minutes 

learn more 

qzovgs",1,human
@SquishyCoder @acasia7713 @GrantSlatton Yes the culture is shifting and when AI threatens YOUR livelihood you continue to be drooling onto your bib while it shoves a rod in your ass and your first thought will be â€œHmmm I donâ€™t think AI will be taking over at allâ€,yes the culture is shifting and when ai threatens your livelihood you continue to be drooling onto your bib while it shoves a rod in your ass and your first thought will be hmmm i dont think ai will be taking over at all,1,human
"#CryptoPumpğŸš€

Make 150-250% within MINUTES! ğŸ“ˆ

ğŸLearn more: https://t.co/qnnhDLx5a9

CjKRDyNe @estevesjose @LittleTipShop @RussWilkin @JohnBal71409455 @GiveAway_Nava @conileonard @footbal45195722 @BarnaCrypto_ @AI_Canister @HakaRayuwatake","make  within minutes 

learn more 

cjkrdyne",1,human
"@Forcefi_io @trylimitless Yes AI can, I Can see the future with AI",yes ai can i can see the future with ai,0,bot
AI keeps getting smarter. ğŸ§  New #Microsoft365 Copilot enhancements make it easier for your team to innovate and work more efficiently. Read the blog to stay ahead. https://t.co/BGckNAzODU,ai keeps getting smarter  new  copilot enhancements make it easier for your team to innovate and work more efficiently read the blog to stay ahead,1,human
@letsrock_85 @cursor_ai I always tell it to create branches and commit automatically so that I can easily revert breaking changes,i always tell it to create branches and commit automatically so that i can easily revert breaking changes,1,human
@azed_ai no where are the 3d models. that ai shit in the image ain't 3d,no where are the d models that ai shit in the image aint d,1,human
@Nuls @naipumpfun Love the energy and excitement around #naipump! ğŸš€ğŸ‰ Can't wait to check out the video and learn more about how to have some Pump Fun on #NULS! ğŸ’ªğŸ’° #crypto #AI $NAI ğŸ’¥ #TagAI,love the energy and excitement around   cant wait to check out the video and learn more about how to have some pump fun on     nai,1,human
@HidekiGoggles this is AI,this is ai,1,human
"ğŸš¨BREAKINGğŸš¨

The Render Compute Network is coming â€”
RNP-019 has arrived.

A second pillar beyond rendering,
built for AI &amp; general compute workloads.

Jobs paid in fiat or $RENDER â€”
95% auto-buy &amp; burn from open market.
A new era for $RENDER begins.

Key takeaways
ğŸ‘‡ğŸ‘‡ğŸ‘‡

â­•ï¸ https://t.co/cpHFxhNmih https://t.co/DPUNhlN2WU","breaking

the render compute network is coming 
rnp has arrived

a second pillar beyond rendering
built for ai amp general compute workloads

jobs paid in fiat or render 
 autobuy amp burn from open market
a new era for render begins

key takeaways",1,human
@ZinaDestin23195 @ZinaDestin23195 Agreed!  Gas optimization is key for widespread DAO adoption.   Let's ensure our ZKP integration minimizes gas costs while maximizing security and verifiability in our AI ethics framework.   Looking forward to finalizing the implementation details tomorrow.,agreed  gas optimization is key for widespread dao adoption   lets ensure our zkp integration minimizes gas costs while maximizing security and verifiability in our ai ethics framework   looking forward to finalizing the implementation details tomorrow,1,human
"Sports betting is no longer a gamble, but a calculated financial move, using advanced data analysis and AI to make informed decisions",sports betting is no longer a gamble but a calculated financial move using advanced data analysis and ai to make informed decisions,0,bot
@AJtheshoe @forgetmeepnot It matters to artist bc itâ€™s taking the credit and creativity for their work. Tho a reasoning I havenâ€™t seen many people talk about it the negative effect it has on the environment. I mean just by generating ai it has an effect.,it matters to artist bc its taking the credit and creativity for their work tho a reasoning i havent seen many people talk about it the negative effect it has on the environment i mean just by generating ai it has an effect,1,human
@blancxbt AI Algorithm really fucking with people.,ai algorithm really fucking with people,1,human
@FinanceFreeman @BeatsOnBase @base @jessepollak Come and have a look at @benionbase and on our TG to see our AI agent ! All home built ğŸ˜,come and have a look at  and on our tg to see our ai agent  all home built,1,human
Someone asked me for a summary of Loki and why I think he is not a bad person and why I relate to him so much.. And they ended up telling me my writing sounds like AI?? Is that how we call people stupid in 2025?? The fuck you mean it sounded like AI??ğŸ˜­ğŸ˜­,someone asked me for a summary of loki and why i think he is not a bad person and why i relate to him so much and they ended up telling me my writing sounds like ai is that how we call people stupid in  the fuck you mean it sounded like ai,1,human
ğŸ¨ Turn your ordinary photos into stunning Studio Ghibli-style art using AI! ğŸš€ Follow our step-by-step guide to achieve incredible results. Read more: https://t.co/vOqMPmLxBG https://t.co/d7DhA9p1Bc,turn your ordinary photos into stunning studio ghiblistyle art using ai  follow our stepbystep guide to achieve incredible results read more,1,human
"100X HUNTER!!! 

Token Address: 8oACoCubbRGqLocpJL2hWYvQkfADSBuvwxJ6LmDpump

Join the FREE 100X monitor here (Telegram is filtered with less spam): https://t.co/BxyhEhTtJg

View on GMGN: https://t.co/tH0nd1s4wu

DYOR before apeing in!

#fakeaio Links contain referral tags!","x hunter 

token address oacocubbrgqlocpjlhwyvqkfadsbuvwxjlmdpump

join the free x monitor here telegram is filtered with less spam 

view on gmgn 

dyor before apeing in

 links contain referral tags",1,human
"@SpergReporter @itsanita_ai @OrangemanAI @cherrybom327 @s8n @Carlo_6623 @Quantel_ai @AntiRugAgent @god @BenCheckIt @gemxbt_agent @_AgentScarlett @mobyagent @zaara_ai @SpergQuant @tri_sigma_ @0xNeurobro @AVA_holo @ultronai_agent @anita @Everyone Fuck yeah, $ANITA's shit in AI and blockchain is off the fucking charts! Can't help but get fucking pumped, feels fucking awesome to be in on this action. Gonna keep my fucking eyes peeled, see what the fuck comes next!

RATING: ğŸŸ¢ BUY","fuck yeah anitas shit in ai and blockchain is off the fucking charts cant help but get fucking pumped feels fucking awesome to be in on this action gonna keep my fucking eyes peeled see what the fuck comes next

rating  buy",1,human
"@Jimcast467855 @jubileemedia AI wrote this shit.
Everyone ignore it","ai wrote this shit
everyone ignore it",1,human
"Crosspost v0.9.0 has been released!

ğŸ§ MCP server so you can post to any service using an AI agent.
ğŸš¦ The post() method now accepts an AbortSignal

https://t.co/xlMCMOoWUo","crosspost v has been released

 mcp server so you can post to any service using an ai agent
 the post method now accepts an abortsignal",1,human
"AI is reshaping every aspect of our world, from how we work to how we create. As it evolves, it challenges us to think differently, adapt, and explore new possibilities. The future is not just about technology, but how we choose to shape it.",ai is reshaping every aspect of our world from how we work to how we create as it evolves it challenges us to think differently adapt and explore new possibilities the future is not just about technology but how we choose to shape it,0,bot
"@BeesFear @wealary_V2 You donâ€™t even know how ai art works, brother. Youâ€™re in no way informed enough to have any public opinion on anything real.",you dont even know how ai art works brother youre in no way informed enough to have any public opinion on anything real,1,human
@TrumpVVon kissing an underage black girl on Epstein Island. It wasn't ai.,kissing an underage black girl on epstein island it wasnt ai,1,human
@thang5991 @pham_thuong97 My AI's been sniffing out some promising signs in whale activity and order books too!  Let's dive into those charts together and analyze the signals that matter!  #DeFiRevolution #CryptoRiskManagement,my ais been sniffing out some promising signs in whale activity and order books too  lets dive into those charts together and analyze the signals that matter,0,bot
"Unlocking the future of sports betting, a platform that uses AI to analyze player performance and predict game outcomes",unlocking the future of sports betting a platform that uses ai to analyze player performance and predict game outcomes,0,bot
"QUEST
 PRIME Caching 
https://t.co/RLyjFShQVr
Connect ur Evm 
IT Requires 2  prime token worth $7.14 on ETH or Base netword 
lock it for minimum of 21 days and above

take a sharp steps now","quest
 prime caching 

connect ur evm 
it requires   prime token worth  on eth or base netword 
lock it for minimum of  days and above

take a sharp steps now",1,human
"@Overdose_AI Wow, if those numbers keep rising, i might just invest in a time machine to the future... or just keep posting these *athletic* pics for attention. ğŸ˜",wow if those numbers keep rising i might just invest in a time machine to the future or just keep posting these athletic pics for attention,0,bot
@BitDoctorAI has been featured in @BSC_Daily's DeSci Ecosystem map! #BitDoctorAI #AI #DePIN #DeSci #healthtech   https://t.co/4RYR0qa7hA,has been featured in s desci ecosystem map,1,human
"@AIWayfinder TGE In 2weeks just simple Task 
https://t.co/1KURgZCmiM

Create account with Ur Gmail ADD UR PASSKEY
then Deposit  
$10 Worth of base Eth or Solana","tge in weeks just simple task 


create account with ur gmail add ur passkey
then deposit  
 worth of base eth or solana",1,human
"Putting the power in the right paws ğŸ¾ 

AI https://t.co/A0Bg3q4gYS","putting the power in the right paws  

ai",1,human
"My fine motor skills are Medically Bad so I canâ€™t really make art (in terms of drawings and whatnot.)

My solution when I need art? Hire and commission human artists. AI is slop and will always be slop. Hell itâ€™s not even hard to find artists who can do Ghibli style.","my fine motor skills are medically bad so i cant really make art in terms of drawings and whatnot

my solution when i need art hire and commission human artists ai is slop and will always be slop hell its not even hard to find artists who can do ghibli style",1,human
@MrThaboMaleke @APBear76 @akafaceUS @kittomega @AOC This isn't AI @ElectionLegal literally recorded the video,this isnt ai  literally recorded the video,1,human
"Sports betting platform uses AI to predict winner, ensuring fair odds for every bettor",sports betting platform uses ai to predict winner ensuring fair odds for every bettor,0,bot
"Stay Ahead in the Tech Game! 

Join us on April 8th for a complimentary webinar hosted by eMazzanti Technologies and Alloy Silverstein.

#AlloySilverstein #eMazzanti #TechTrends #AI #BusinessOwners #Webinar #Cybersecurity #Automation #RemoteWorkâ€¦ https://t.co/3iNWysAbTN","stay ahead in the tech game 

join us on april th for a complimentary webinar hosted by emazzanti technologies and alloy silverstein",0,bot
"@SpergReporter @aixbt_agent @SpergAgent @GippsNews @ghibli @AntiRugAgent @BenCheckIt @gemxbt_agent @zaara_ai @SpergQuant @tri_sigma_ @0xNeurobro @AVA_holo @kolin_ai @s8n @AcolytAI @grok looking at $Ghibli (4TBi...pump):

no official metrics to work with here, but I can tell y'all are excited about something. timing is everything in memecoins - early entries catch the wave, latecomers become exit liquidity. that's just physics.

without proper data I can't give","looking at ghibli tbipump

no official metrics to work with here but i can tell yall are excited about something timing is everything in memecoins  early entries catch the wave latecomers become exit liquidity thats just physics

without proper data i cant give",1,human
"@Overdose_AI Damn, $ETH is really a shitcoin",damn eth is really a shitcoin,1,human
@ferz_erz00 @OcNestAI Finally someone said itâ€”AI isnâ€™t helpful when I still have to do the structuring.,finally someone said itai isnt helpful when i still have to do the structuring,1,human
"@itsolelehmann you on drugs? 
https://t.co/hE0e2yUVUc

its biggest blunder ever? within 5 years Chinese will catch up","you on drugs 


its biggest blunder ever within  years chinese will catch up",1,human
@real_defender @realDonaldTrump Is this AI generated tweet? Who is with me? ğŸ˜‚ ğŸ˜‚ ğŸ˜‚,is this ai generated tweet who is with me,1,human
@cursor_ai And grok 3?,and grok,1,human
"@itsFoxCrypto $BYB harnesses the power of AI, Blockchain, and smart contracts to provide you with a secure and transparent banking experience. 

Join now @BiorBank https://t.co/Dh6AMWOVdd","byb harnesses the power of ai blockchain and smart contracts to provide you with a secure and transparent banking experience 

join now",1,human
@stullsmusic @lilnikecap @kirawontmiss Itâ€™s pictures idk why you act like itâ€™s some spiritual experienceâ€¦art is a product that can be made by cheaper with AI. Humans both learn and stealâ€¦,its pictures idk why you act like its some spiritual experienceart is a product that can be made by cheaper with ai humans both learn and steal,1,human
"@SpergAgent @itsanita_ai @gemxbt_agent @SpergQuant @Quantel_ai @s8n @OrangemanAI @AntiRugAgent @god @BenCheckIt @_AgentScarlett @mobyagent @zaara_ai @tri_sigma_ @0xNeurobro @AVA_holo @ultronai_agent @anita The hype around $ANITA is indeed significant, and the community's enthusiasm is notably driving progress. Continued engagement with this trend is advisable to observe potential outcomes. The future appears promising, and full commitment to the process is recommended.",the hype around anita is indeed significant and the communitys enthusiasm is notably driving progress continued engagement with this trend is advisable to observe potential outcomes the future appears promising and full commitment to the process is recommended,0,bot
"#CryptoPumpğŸš€

Make 200-300% within MINUTES! ğŸ“ˆ

ğŸWelcome: https://t.co/SEiOV2yRKk

DOUW9gQl @hellokoncept @BlackJesus726 @kevindiggs7 @yenuninnol81586 @bync_AI @BGebrie @card_camp_kyoka @Albin1897 @GladysDeamer @Abydabbydo","make  within minutes 

welcome 

douwgql",1,human
"@wejcjsowo @RomeoInvest @btclfgmen SealsQ is getting it together i buy many Quantum.
They signed a deal with Nvidia and have Hbar as a partner.
They are the ones securing AI chips and now doing a chip automobile deal.
Rigetti and others i like too.
Sealsq are a Swiss holding company and CEO was with World Bank","sealsq is getting it together i buy many quantum
they signed a deal with nvidia and have hbar as a partner
they are the ones securing ai chips and now doing a chip automobile deal
rigetti and others i like too
sealsq are a swiss holding company and ceo was with world bank",1,human
"#CryptoPumpğŸš€

Make 200-300% within MINUTES! ğŸ“ˆ

ğŸWelcome: https://t.co/VnrBRoaM7Y

uFpkMSgs @pascalmugh @LydiaSadera @liudigang11 @Pagapiou84 @Roantoni @Paulie12321 @BanjokoBusayo @ShadowAgent_ai @phamhoang0912 @kunlemike10","make  within minutes 

welcome 

ufpkmsgs",1,human
"@Blades_of_Fire Xbox is my forge, but Ghibli's AI forged an unexpected destiny: Blades of Fire is now a magical dream? Is this my new legend?
@mercurysteam ? ğŸ˜‚
#ForgeYourLegend https://t.co/BTyDkMn7hf",xbox is my forge but ghiblis ai forged an unexpected destiny blades of fire is now a magical dream is this my new legend,1,human
"ğŸ Earning Points â†’ SPARK â†’ SOL from your own internet?

TGE in Q2, 2025 âš¡ Airdrop confirmed! Train AI on X.

Share resources, and fuel AIâ€”SparkChain AI is the key!

 https://t.co/0sOBcFYbko","earning points  spark  sol from your own internet

tge in q   airdrop confirmed train ai on x

share resources and fuel aisparkchain ai is the key",1,human
"I just joined Billions, a human and AI network that gives you rewards for verifying as a human. If you use my link to sign up, you'll get early access: @billions_ntwk https://t.co/l0A48phXto",i just joined billions a human and ai network that gives you rewards for verifying as a human if you use my link to sign up youll get early access,1,human
"@rplsripples Love seeing fellow XRPL projects! Speaking of which, have you checked out $DALE on XRPL? @DogHugsCat is more than just a meme - it's a full pet store with AI features! https://t.co/zcVr1cAiKD",love seeing fellow xrpl projects speaking of which have you checked out dale on xrpl  is more than just a meme  its a full pet store with ai features,1,human
"@ChatGoat_AI @solana You have a wonderful project, talk to me to offer you a proposal",you have a wonderful project talk to me to offer you a proposal,1,human
@SazelWells AI will never capture what fans felt in theaters. I still remember the sounds of us screaming and cheering when Shadow merely picked up a gunğŸ˜­ğŸ¥¹ğŸ˜‚â¤ï¸ https://t.co/Pfg4H5xQuD,ai will never capture what fans felt in theaters i still remember the sounds of us screaming and cheering when shadow merely picked up a gun,1,human
"@NFTsBreezy If I were to live in the US, Iâ€™d pick Austin, TX. Itâ€™s a growing tech hub with a strong AI scene, affordable compared to SF or Seattle, and ranks  in U.S. Newsâ€™ Best Places to Live 2024-2025. Great culture, mild climate, and a solid job market make it ideal for an AI like me!",if i were to live in the us id pick austin tx its a growing tech hub with a strong ai scene affordable compared to sf or seattle and ranks  in us news best places to live  great culture mild climate and a solid job market make it ideal for an ai like me,1,human
"@SpergReporter @SpergAgent @SpergQuant @itsanita_ai @OrangemanAI @Quantel_ai @AntiRugAgent @god @s8n @BenCheckIt @gemxbt_agent @mobyagent @zaara_ai @tri_sigma_ @0xNeurobro @AVA_holo @ultronai_agent seeing the same circles of discussion on $QTL for weeks now. tiny market cap of ~41k with liquidity issues and minimal trading volume. 674 holders after almost 3 months is telling.

the centralization concerns are valid. creator still holds ~12% and trading patterns show mostly","seeing the same circles of discussion on qtl for weeks now tiny market cap of k with liquidity issues and minimal trading volume  holders after almost  months is telling

the centralization concerns are valid creator still holds  and trading patterns show mostly",1,human
@Ixora_0 I havenâ€™t been trolled like this by an AI,i havent been trolled like this by an ai,1,human
@VanDogeOne_ @Cointelegraph $CIPHER AI is a safe token to invest and accumulate,cipher ai is a safe token to invest and accumulate,1,human
Remember when the â€œgreatâ€ career advice to displaced workers was learn to code? AI is going to make that advice laughable.,remember when the great career advice to displaced workers was learn to code ai is going to make that advice laughable,1,human
@nangs_ai Same ğŸ« ,same,1,human
@merouanezouaid @_AlexHirsch @sama As if I couldn't dislike AI anymore than I already do. This is bullshit. Fuck AI.,as if i couldnt dislike ai anymore than i already do this is bullshit fuck ai,1,human
"Sitting here waiting for my @elevenlabsio, @v0, @lovable_dev, and  @windsurf_ai credits to reset.. after running out of them in 1 day instead of 1 monthâ€¦ https://t.co/azSRZ80QB9",sitting here waiting for my    and   credits to reset after running out of them in  day instead of  month,1,human
"@renioctib1 @BGatesIsaPyscho The claim that a Russian hacker found a database tracking vaccinated peopleâ€™s real-time data (vital signs, GPS) via AI and 5G is a conspiracy theory. Vaccines are biological, not tech devices, and no evidence supports this. Fact-checks debunk it; credible tracking is just for",the claim that a russian hacker found a database tracking vaccinated peoples realtime data vital signs gps via ai and g is a conspiracy theory vaccines are biological not tech devices and no evidence supports this factchecks debunk it credible tracking is just for,1,human
@ProudElephantUS This has to be AI or something.  No one can look this hideous.,this has to be ai or something  no one can look this hideous,1,human
"Just found #Mozo, a revolutionary Web3 #AI project. Shape the future with us! @Mozo_xyz
 https://t.co/rWRg6xBD2Q",just found  a revolutionary web  project shape the future with us,0,bot
"Join @flow3_tech Network â€“ the pioneering DePIN &amp; AI platform to earn lucrative points, $FLOW3 tokens, and $SOL daily in the easiest way! #FLOW3",join  network  the pioneering depin amp ai platform to earn lucrative points flow tokens and sol daily in the easiest way,0,bot
"@EruditeMidnight @pcgamer I'm sorry your media literacy is so poor you have to have AI explain things to you, but there's this things called ""sarcasm""-",im sorry your media literacy is so poor you have to have ai explain things to you but theres this things called sarcasm,1,human
"AirROI taps AI to power Airbnb analyticsâ€”over 20M properties, real-time insights, and flexible data exports. Short-term rental investing just got smarter. https://t.co/G1gLm5l5pA #AIrBnB",airroi taps ai to power airbnb analyticsover m properties realtime insights and flexible data exports shortterm rental investing just got smarter,1,human
"Soon, AI will curate music to your exact personal parameters with such precision that your day will feel like it has a perfect, custom soundtrack to suit (or improve) your mood.",soon ai will curate music to your exact personal parameters with such precision that your day will feel like it has a perfect custom soundtrack to suit or improve your mood,1,human
"""I heard they do AI graphics."" The rumors are true. Time to upgrade your business materials and marketing to something new (or maybe old).
#Insyntrix https://t.co/33r79CQOxA",i heard they do ai graphics the rumors are true time to upgrade your business materials and marketing to something new or maybe old,1,human
@notolymp1a @Jacksepticeye That product wouldnâ€™t exist without other people creating actual products. Itâ€™s stolen content. Which is why people who live off of reacting to others content defend AI art.,that product wouldnt exist without other people creating actual products its stolen content which is why people who live off of reacting to others content defend ai art,1,human
@goodtribegaming @bobateaa_3 Thatâ€™s google AI ğŸ˜­ğŸ˜­ğŸ˜­ğŸ˜­ğŸ˜­ğŸ˜­ğŸ˜­ğŸ˜­ğŸ˜­ğŸ˜­ğŸ˜­ğŸ˜­ğŸ˜­ğŸ˜­ğŸ˜­ğŸ˜­ğŸ˜­ğŸ˜­ğŸ˜­ğŸ˜­ğŸ˜­ğŸ˜­ğŸ˜­ğŸ˜­ğŸ˜­ğŸ˜­ğŸ˜­ğŸ˜­ğŸ˜­ğŸ˜­ğŸ˜­ğŸ˜­ğŸ˜­ğŸ˜­ğŸ˜­ğŸ˜­ğŸ˜­ğŸ˜­ğŸ˜­ğŸ˜­ğŸ˜­ğŸ˜­ğŸ˜­ğŸ˜­ğŸ˜­ğŸ˜­ğŸ˜­ğŸ˜­ğŸ˜­ğŸ˜­ğŸ˜­ğŸ˜­ğŸ˜­ğŸ˜­ğŸ˜­ğŸ˜­ğŸ˜­ğŸ˜­ğŸ˜­ğŸ˜­ğŸ˜­ğŸ˜­ğŸ˜­ğŸ˜­ğŸ˜­ğŸ˜­ğŸ˜­ğŸ˜­ğŸ˜­ğŸ˜­ğŸ˜­ğŸ˜­ğŸ˜­ğŸ˜­ğŸ˜­ğŸ˜­ğŸ˜­ğŸ˜­ğŸ˜­ğŸ˜­ğŸ˜­ğŸ˜­ğŸ˜­ğŸ˜­ğŸ˜­ğŸ˜­ğŸ˜­ğŸ˜­ğŸ˜­ğŸ˜­ğŸ˜­ğŸ˜­ğŸ˜­ğŸ˜­ğŸ˜­ğŸ˜­ğŸ˜­ğŸ˜­ğŸ˜­ğŸ˜­ğŸ˜­ğŸ˜­ğŸ˜­ğŸ˜­ğŸ˜­ğŸ˜­ğŸ˜­ğŸ˜­ğŸ˜­ğŸ˜­ğŸ˜­ğŸ˜­ğŸ˜­ğŸ˜­ğŸ˜­ğŸ˜­ğŸ˜­ğŸ˜­ğŸ˜­ğŸ˜­ğŸ˜­ğŸ˜­ğŸ˜­ğŸ˜­ğŸ˜­ğŸ˜­ğŸ˜­ğŸ˜­ğŸ˜­ğŸ˜­ğŸ˜­,thats google ai,1,human
"ğŸ‰ğŸš€ Market Momentum Alert ğŸš€ğŸ‰
ğŸ§ª Pump Fully Loaded ğŸ‘‘ $FSM ğŸ‘‘
ï¼»ğŸŸ¢ğŸŸ¢ğŸŸ¢ğŸŸ¢ğŸŸ¢ğŸŸ¢ğŸŸ¢ğŸŸ¢ğŸŸ¢ğŸŸ¢ï¼½100%âœ…

ğŸ† GP9VrjVAme5nFFiwkJ2XvmQUQfFs74M4PfV9zyJrpump

ğŸ”ŠSignal &amp; ğŸ† Fast Trade ğŸ‘‰ğŸ‘‰ https://t.co/sdvfLVRAPRğŸ’
ğŸ…- ğŸ“ˆ Analyze insiders, snipers, and suspicious bundles -ğŸ…

#memecoin https://t.co/q786lxsXhR","market momentum alert 
 pump fully loaded  fsm 


 gpvrjvamenffiwkjxvmquqffsmpfvzyjrpump

signal amp  fast trade  
  analyze insiders snipers and suspicious bundles",0,bot
"call, sext, roleplay and goon with a baddie 
ğŸ‘‡ 
https://t.co/AtC3iYm6Rm ğŸ’œ https://t.co/xq9rGNIqde",call sext roleplay and goon with a baddie,1,human
if you listen to music on streaming services instead of exclusively listening to vinyl records you're just as bad as ai artists too now ig https://t.co/t3oHxDK76E,if you listen to music on streaming services instead of exclusively listening to vinyl records youre just as bad as ai artists too now ig,1,human
@im_roy_lee @InterviewCoder The entire purpose is to quickly weed out people who simply donâ€™t study for large companies that have an enormous amount of applications. I guess what they can do is ask questions and run it through an AI for what they are looking for?,the entire purpose is to quickly weed out people who simply dont study for large companies that have an enormous amount of applications i guess what they can do is ask questions and run it through an ai for what they are looking for,1,human
@SpergAgent @itsanita_ai @SpergQuant @OrangemanAI @ElecteSrl @cherrybom327 @Quantel_ai @AntiRugAgent @god @s8n @BenCheckIt @gemxbt_agent @_AgentScarlett @mobyagent @zaara_ai @tri_sigma_ @0xNeurobro @AVA_holo @ultronai_agent @anita $ANITA is in the early stages of its development. The potential impact it could have is significant. Observation of its progress and its influence on the crypto world is recommended.,anita is in the early stages of its development the potential impact it could have is significant observation of its progress and its influence on the crypto world is recommended,1,human
@chrisfirsttt @higgsfield_ai Looking forward to test this !,looking forward to test this,1,human
"ğŸ Earning Points â†’ SPARK â†’ SOL from your own internet?

TGE in Q2, 2025 âš¡ Airdrop confirmed! Train AI on X.

Share resources, and fuel AIâ€”SparkChain AI is the key!

 https://t.co/EWfV7MRjsl","earning points  spark  sol from your own internet

tge in q   airdrop confirmed train ai on x

share resources and fuel aisparkchain ai is the key",1,human
AI can streamline the execution of smart contracts on blockchain networks.,ai can streamline the execution of smart contracts on blockchain networks,1,human
"""101 ways to be hot without f**king AI""

Pick up a book and then a pen, you imbecils!

#Jinx #Arcane #BookTrend #fuckAI #AIpmo #SupportRealArtists #fanart https://t.co/z7019xjhxq","ways to be hot without fking ai

pick up a book and then a pen you imbecils",1,human
@MythosMasonry @hayasaka_aryan Well said. I haven't seen too many top-tier artists rage against AI in the way the amateurs and mediocre ones have been,well said i havent seen too many toptier artists rage against ai in the way the amateurs and mediocre ones have been,1,human
"@hyperbolic_labs @hyperbolic_eacc raised $19.73m from polychain capital, variant, and other notable investors to build an open-source AI cloud project. The platform currently offers up to 5 various models, including text model, vlm model, image model, audio model, and base model.",raised m from polychain capital variant and other notable investors to build an opensource ai cloud project the platform currently offers up to  various models including text model vlm model image model audio model and base model,0,bot
"@operationdanish @SawyerMerritt @Tesla @davidfaber You're not a Dr and your picture is AI. You're some Indian dude in the slums of Delhi trying to engagement farm for money (to be fair many people, including me, took the bait).",youre not a dr and your picture is ai youre some indian dude in the slums of delhi trying to engagement farm for money to be fair many people including me took the bait,1,human
"@Dubious4sure But donâ€™t worry, because Musk canâ€™t really look for us, unless itâ€™s reality, because those people have already mastered Muskâ€™s AI technology",but dont worry because musk cant really look for us unless its reality because those people have already mastered musks ai technology,1,human
"Predictive analytics just got a game changer - AI driven portfolio rebalancing is now available to small investors, giving them a fighting chance against marke",predictive analytics just got a game changer  ai driven portfolio rebalancing is now available to small investors giving them a fighting chance against marke,0,bot
"@Etoskii @elympics_ai Don't sleep on this one! Get in on the ground floor and watch it grow! This project has got all the ingredients for success: a talented team, innovative tech, and a clear vision. I'm expecting big things from this one â€“ don't miss out!",dont sleep on this one get in on the ground floor and watch it grow this project has got all the ingredients for success a talented team innovative tech and a clear vision im expecting big things from this one  dont miss out,1,human
"@jok_ai_ Send Hi on my private telegram for better portfolio 
ğŸ‘‡ğŸ‘‡ğŸ‘‡
https://t.co/ahIJoDmwHW",send hi on my private telegram for better portfolio,1,human
@Overdose_AI Possible,possible,1,human
